{
  "generatedAt": "2026-03-11T16:30:10Z",
  "nationalMix": {
    "current": {
      "biomass": 5.78,
      "coal": 0.38,
      "imports": 6.05,
      "gas": 31.25,
      "nuclear": 13.47,
      "other": 0.95,
      "hydro": 1.58,
      "solar": 10.6,
      "wind": 29.95
    },
    "seasonal": {
      "winter": {
        "biomass": 6.2,
        "coal": 0.8,
        "imports": 7.1,
        "gas": 42.3,
        "nuclear": 14.8,
        "other": 1.2,
        "hydro": 2.1,
        "solar": 0.5,
        "wind": 25.0
      },
      "spring": {
        "biomass": 5.8,
        "coal": 0.2,
        "imports": 5.9,
        "gas": 28.4,
        "nuclear": 13.2,
        "other": 0.9,
        "hydro": 1.8,
        "solar": 12.6,
        "wind": 31.2
      },
      "summer": {
        "biomass": 5.1,
        "coal": 0.1,
        "imports": 4.8,
        "gas": 19.2,
        "nuclear": 11.8,
        "other": 0.7,
        "hydro": 0.9,
        "solar": 24.1,
        "wind": 33.3
      },
      "autumn": {
        "biomass": 6.0,
        "coal": 0.4,
        "imports": 6.4,
        "gas": 35.1,
        "nuclear": 14.1,
        "other": 1.0,
        "hydro": 1.5,
        "solar": 5.2,
        "wind": 30.3
      }
    }
  },
  "householdProfiles": {
    "comfortable": {
      "annualKwh": 3100,
      "halfHourlyFractions": [
        0.009066,
        0.00816,
        0.00816,
        0.00816,
        0.00816,
        0.009066,
        0.009973,
        0.011786,
        0.016319,
        0.021759,
        0.024479,
        0.025385,
        0.024479,
        0.022665,
        0.020852,
        0.019946,
        0.019946,
        0.020852,
        0.021759,
        0.022665,
        0.021759,
        0.020852,
        0.019946,
        0.019946,
        0.020852,
        0.021759,
        0.021759,
        0.022665,
        0.023572,
        0.025385,
        0.028105,
        0.031732,
        0.036265,
        0.038985,
        0.039891,
        0.038078,
        0.035358,
        0.030825,
        0.027199,
        0.024479,
        0.021759,
        0.019946,
        0.017226,
        0.014506,
        0.012693,
        0.011786,
        0.009973,
        0.009066
      ],
      "peakWindowFraction": 0.2194,
      "offPeakFraction": 0.1605,
      "baselineCostAgile": 864.8
    },
    "affluent": {
      "annualKwh": 4200,
      "halfHourlyFractions": [
        0.011956,
        0.011956,
        0.01281,
        0.013664,
        0.013664,
        0.01281,
        0.011102,
        0.011956,
        0.017079,
        0.022203,
        0.024765,
        0.025619,
        0.023911,
        0.022203,
        0.020495,
        0.019641,
        0.019641,
        0.020495,
        0.021349,
        0.022203,
        0.021349,
        0.020495,
        0.019641,
        0.019641,
        0.020495,
        0.021349,
        0.022203,
        0.023057,
        0.023911,
        0.025619,
        0.027327,
        0.030743,
        0.034159,
        0.035867,
        0.036721,
        0.035013,
        0.032451,
        0.028181,
        0.024765,
        0.022203,
        0.019641,
        0.017933,
        0.015371,
        0.013664,
        0.01281,
        0.011956,
        0.011956,
        0.011956
      ],
      "peakWindowFraction": 0.2024,
      "offPeakFraction": 0.1896,
      "baselineCostAgile": 1062.4
    },
    "adversity": {
      "annualKwh": 2400,
      "halfHourlyFractions": [
        0.01165,
        0.01068,
        0.009709,
        0.009709,
        0.009709,
        0.01068,
        0.012621,
        0.015534,
        0.020388,
        0.02233,
        0.023301,
        0.023301,
        0.02233,
        0.021359,
        0.020388,
        0.019417,
        0.019417,
        0.020388,
        0.021359,
        0.02233,
        0.02233,
        0.021359,
        0.020388,
        0.020388,
        0.021359,
        0.021359,
        0.021359,
        0.02233,
        0.023301,
        0.025243,
        0.027184,
        0.030097,
        0.03301,
        0.034951,
        0.035922,
        0.034951,
        0.03301,
        0.030097,
        0.027184,
        0.024272,
        0.021359,
        0.019417,
        0.017476,
        0.015534,
        0.013592,
        0.012621,
        0.01165,
        0.01165
      ],
      "peakWindowFraction": 0.2019,
      "offPeakFraction": 0.1796,
      "baselineCostAgile": 706.19
    }
  }
}